CD4,CD8,CD19,CD45,CD3,treatment
4.31538039721,5.30148058079,3.89290227213,116.485706793,11.2848389481,control
2.65503182891,7.44248146294,3.61729013185,187.011897098,20.3552440216,control
2.13241780512,19.1650573397,8.69465703455,197.479436378,62.2559187469,control
1.39522685549,6.6938464106,4.78363493312,105.011086475,10.0469685049,control
1.68705147462,1.53732446415,0.987053858808,25.7568605012,6.80351906158,control
1.23691676799,2.91538516558,4.4698757838,52.5208020409,6.09684571919,control
1.50680685692,2.50053644231,1.4286054884,40.2832415421,6.20174999404,control
0.842095224471,2.12002002718,0.720024795556,38.269079465,2.95162482417,control
1.59168395203,2.40135421882,3.6230121832,46.2036573445,4.48513458742,control
2.20585079751,2.43759387741,2.31266242281,45.9289988794,7.459647617,control
0.937462747061,20.538349665,10.714541163,209.472856019,104.553322366,control
1.64318241423,1.46675249744,0.531197100827,29.3274205469,3.67927902153,control
2.79712943757,4.94766707198,7.31278163222,57.5867248409,8.52013446821,control
1.76048446701,1.46389147176,0.804901890661,28.6865507951,3.70312090218,control
2.38800276566,5.29957323034,3.37505662447,110.229597311,8.99983310684,control
19.4845385404,13.9274729991,6.86836897694,209.137162339,181.82390387,control
0.309944448418,2.1905919939,3.89671697303,27.2217056481,0.469208211144,control
0.980378132227,1.60598908042,1.47915027537,27.2217056481,4.76932980474,control
23.2849343156,11.4345659586,5.26619459743,221.710416518,67.9932289059,control
2.09331712085,1.41906873614,2.17151848938,15.6335979782,4.32110244856,control
1.5058531817,2.14863028396,1.00422001287,24.2614977469,2.59781131536,control
19.9728202561,14.6484514699,5.83172400639,210.327349021,132.904179482,control
3.56960637055,8.22354147295,5.13935579238,115.203967289,14.3432753976,control
2.17724054073,3.04699234676,1.8558519896,71.5943065589,6.12831700165,control
2.34604105572,3.75748039005,2.79617576234,43.0908614071,8.38185156045,control
1.32846958968,1.68514412417,1.26075864864,26.9470471831,5.72872708199,control
8.55065207544,10.7135874878,7.64847531173,232.605202298,24.2614977469,control
1.08146770617,17.354981761,7.79629497175,189.209164819,87.5855327468,control
21.6016975419,15.3846887442,6.87599837875,212.860310421,169.250649691,control
1.96361729013,2.2420904561,1.5058531817,33.7524735951,4.63295424743,control
1.27220275135,19.5608325585,34.7290370264,296.173378156,26.001001359,control
1.60408172997,10.5047326133,15.0165701071,180.755787617,18.4326347662,control
0.931740695706,1.43146651408,1.23500941754,29.9377726915,0.726700522137,control
2.21348019932,2.52247097251,2.31552344849,41.0156641156,6.50978709201,control
0.0619888896836,1.12533676656,1.26552702477,32.6843573421,2.56824738335,control
3.44181389028,5.78213289464,3.55434756694,133.087285125,11.4908327969,control
1.01184941468,1.35326514555,1.19495505805,27.6794697566,2.58445986219,control
1.37901437665,2.04086498343,0.259399661445,28.1067162578,5.66673819231,control
8.033760103,5.94235033259,2.89249696016,165.863195289,15.9912261879,control
1.92260925542,2.27833011468,2.46715780941,45.7764108433,8.52108814343,control
22.3026488329,13.6423241065,5.87177836588,230.743628257,92.2547266528,control
4.5690580073,6.39725341535,4.234318003,108.276470448,12.5942350333,control
2.6989008893,27.2522232554,11.6214863028,266.540781537,127.319457359,control
1.53827813938,20.8435257373,10.3330710726,162.1095296,98.6939417781,control
1.60598908042,13.5002264979,23.8428343228,190.002622607,18.6758219488,control
1.68228309849,16.058937129,7.78675821949,229.126195074,254.516844289,control
1.76334549269,2.59971866581,2.32792122643,32.7148749493,5.6076103283,control
2.06279951363,2.64454140143,1.98555182033,28.5034451518,10.0717640607,control
0.691414538779,1.76906754405,1.28841523019,36.0412941373,3.27205970007,control
4.7569320268,4.19807834442,2.67124430775,121.978876094,11.6844288677,control
3.74698996257,2.00557900007,2.31266242281,16.5748754262,7.12300026226,control
3.4647020957,3.47996089932,1.27697112748,86.3343108504,10.338793124,control
2.31075507236,19.313830675,10.229120473,197.387883556,139.373912214,control
0.570297785089,1.11293898863,1.02329351739,31.4026178385,3.86143098968,control
1.16062274992,1.79863147605,2.12383472808,39.8865126481,6.03581050473,control
22.7356173855,16.1628877286,7.55406146437,250.702143385,152.252342465,control
20.5421643659,12.9995470043,5.39684810338,258.514650836,96.5271916649,control
0.8726128317,1.60598908042,1.29890565768,41.7175690818,5.41687528312,control
2.67982738478,16.6006246573,27.9541282216,260.376224877,27.9846458289,control
2.71988174427,3.97968671769,2.75612140286,83.0994444842,12.7992752068,control
0.923157618673,14.594091982,23.6816632096,236.572491238,22.0337124192,control
1.23214839187,2.59685764013,1.15299334812,47.5769496698,5.29957323034,control
2.73227952221,2.81238824118,2.81620294209,50.3235343204,8.02422335074,control
1.65748754262,5.9719142646,3.69549150037,149.170064135,13.8416422287,control
1.5354171137,22.003194812,38.0249386072,252.594235033,22.0337124192,control
1.00326633765,18.630045538,9.03416541497,179.168872041,110.870467062,control
4.60529766588,6.69480008583,4.26769663591,134.918341559,15.4600290871,control
2.89726533629,5.28145340104,3.83091338245,91.339198436,10.0088214958,control
0.134468206852,1.20544548554,0.0905991464607,34.5154137758,0.763893855947,control
3.78895167251,2.96306892688,2.04181865866,47.210738383,11.0845671507,control
0.791550437499,2.85148892545,1.32465488878,65.3687146842,7.27368094795,control
18.6138330592,13.1693011945,6.36482845767,164.154209284,162.65884653,control
3.60012397778,2.74467730015,1.90067472522,38.940466824,6.06823546241,control
16.662613547,12.2728464821,5.69534844909,182.342703192,104.553322366,control
1.22451899006,1.25122189638,1.09100445843,27.5573993277,3.25966192213,control
4.03499988079,2.88486755835,1.62506258494,81.3599408721,7.7209546289,control
1.12247574089,0.620842572062,0.315666499774,5.92518417853,3.6487614143,control
1.92833130677,1.64699711513,1.86348139141,25.4211668216,6.80828743771,control
0.795365138402,17.0355005603,29.8767374771,255.768066185,17.3034832988,control
0.461578809336,1.53923181461,1.18351095534,34.0576496674,2.1982213957,control
4.3592494576,6.78063085616,5.01251698734,135.711799347,16.4213337148,control
1.75094771476,2.90203371242,2.21348019932,44.5862241614,5.19466895549,control
1.80626087786,2.3307822521,2.04277233388,57.0984431252,6.9217747896,control
3.11947166392,5.44071716377,4.10843287319,97.9004839902,8.42381327039,control
2.57396943471,2.04372600911,1.1854183058,35.8887061011,8.83961566888,control
2.3269675512,21.4538778819,9.16958729705,251.648189209,112.518417853,control
1.35898719691,1.88255489593,1.28078582839,51.0559568939,8.1739503612,control
18.1884939084,12.9203919605,5.05638604773,188.659847889,123.626826884,control
2.11811267673,1.30939608516,1.11389266385,32.3181460554,5.13935579238,control
0.604630093222,4.15134825835,2.29931096965,122.741816274,12.4845623823,control
21.8506067759,12.4559521255,5.8431681091,222.595427127,88.4705433565,control
4.72259971867,6.73676179577,3.8623846649,199.188422383,21.2402546313,control
5.07927425315,4.92954724269,3.33023388885,124.572872708,13.1855136733,control
3.61252175572,3.42178671054,2.45380635625,100.677586248,10.9672650979,control
2.64930977756,2.73418687266,2.23732207997,56.4575733734,6.32954247431,control
29.8767374771,19.9394416232,19.2203705028,108.398540877,43.5486255156,control
2.28977421739,2.41184464631,1.83677848509,36.407505424,6.5794053835,control
0.961304627709,1.71375438095,1.14727129676,26.9165295759,3.65352979043,control
1.32656223923,22.7356173855,10.2100469685,189.544858498,99.212741101,control
4.50897646806,6.62327444389,4.58240946046,92.8955964046,11.3382447607,control
6.31905204683,10.2472403023,5.82314092936,348.236416089,32.7759101638,control
1.60122070429,1.79958515128,1.84059318599,27.9541282216,4.86660467778,control
0.547409579668,12.9203919605,5.76401306535,195.007510192,54.138235224,control
22.9845266195,14.9374150633,6.37913358606,183.929618768,155.27358558,control
1.71184703049,2.00367164962,1.12533676656,33.2947094867,6.54793410104,control
1.52778771189,2.11906635195,1.15871539947,23.8037336385,4.39739646663,control
1.42383711227,2.30980139713,2.84767422454,25.1837016904,3.10612021076,control
1.35231147033,22.1920225067,10.5695825287,271.881362802,102.844336361,control
1.14536394631,1.69849557733,1.50394583125,42.3279212264,5.21183510955,control
8.45909925375,4.82464296784,1.83677848509,108.490093699,14.0972271893,control
2.50149011754,1.70803232959,1.46007677086,23.6816632096,6.99139308109,control
1.18351095534,21.0876665951,9.59015807167,260.711918556,118.560904084,control
0.34904513268,1.05762582553,0.66089693155,29.7241494409,1.64032138855,control
0.66089693155,0.802994540209,0.489235390888,22.2778532771,6.66618982905,control
1.36089454736,2.49958276709,2.05517011182,55.999809265,5.76115203967,control
0.837326848342,1.18351095534,0.845909925375,57.7698304842,5.39684810338,control
2.18868464344,2.08091934292,1.82724173283,50.9033688577,7.16591564743,control
1.68132942326,1.91211882793,1.85775934006,30.6396776578,6.39343871445,control
1.21688958825,2.29454259352,1.38187540233,40.1916887204,4.21905919939,control
1.75380874043,2.17151848938,2.18200891686,38.3911498939,7.87831104117,control
4.59099253749,3.55816226784,3.64780773907,70.4956726987,9.27925994802,control
1.38759745369,2.87533080609,2.18105524164,45.867963665,5.14030946761,control
19.1345397325,11.3945115991,4.52900364781,155.182032759,121.368523949,control
19.5007510192,12.7515914455,6.28758076437,200.1039506,93.2923252986,control
19.9890327349,13.7739312877,7.01428128651,175.567794388,135.772834561,control
1.61838685836,3.254893546,1.26266599909,43.6706959445,6.6089693155,control
19.271868965,11.7273442529,5.38063562454,190.765562788,91.9495505805,control
1.41143933433,2.22301695158,1.89876737477,47.9736785638,5.43118041151,control
1.30748873471,2.95162482417,4.49848604058,39.4287485397,5.90038862265,control
1.35612617123,20.4239086379,10.1137257707,284.79031066,83.8929022721,control
1.28173950361,2.10380754834,1.6088501061,38.8183963951,4.09222039434,control
0.411034022364,1.92737763155,0.48637436521,62.1948835324,5.67341391889,control
0.87738120783,21.2373936056,8.67272250435,232.879860763,97.1985790239,control
0.975609756098,0.720024795556,0.451088381852,27.069117612,0.489235390888,control
2.24781250745,2.13623250602,1.94168275994,31.2500298024,6.92463581527,control
20.1254082922,13.9093531698,6.83689769449,202.85053525,145.721574518,control
0.844002574923,1.52492668622,0.721932146008,34.0881672746,1.74808668908,control
3.17287747658,6.32382042295,6.1082898219,86.8531101733,11.6949192952,control
3.02505781656,2.71797439382,3.06797320173,35.064730706,7.78294351858,control
1.55449061822,1.99794959826,2.55108122929,36.8957871397,5.48649357461,control
1.67846839759,5.3424886155,2.81238824118,105.072121689,6.51074076723,control
3.61442910617,4.23145697733,2.41375199676,42.541544477,9.89056576783,control
2.2497198579,18.7797725485,9.39083994946,209.442338412,104.980568867,control
1.65271916649,19.0429869108,8.47721908304,220.703335479,85.1136065613,control
6.7119662399,6.95610709773,3.14903559593,226.898409747,21.2164127506,control
4.5175595451,6.79875068545,4.74358057364,101.837255323,12.5141263143,control
2.34318003004,2.55108122929,4.42982142431,39.3677133252,5.54752878907,control
2.71702071859,3.0889540567,2.57492310993,32.6843573421,7.89929189614,control
1.28460052929,2.621653196,1.31893283742,61.6455666023,8.67558353003,control
23.2544167084,16.2305986696,7.33948453854,230.377416971,188.080013351,control
3.24821781942,4.44889492883,3.05557542379,138.336313568,9.963045085,control
2.34031900436,2.69031781227,1.06716257778,34.0576496674,9.17721669885,control
2.01797677801,1.4324201893,1.8739718189,21.2097370241,5.45597596738,control
1.8558519896,1.78814104857,1.16157642515,41.1682521517,6.32382042295,control
0.679970436068,1.04236702191,1.17397420309,39.8254774337,6.21700879765,control
2.10571489879,2.55584960542,3.5676990201,52.1851083613,9.52626183153,control
15.1605750662,10.4293922705,5.06878382567,168.121498224,82.5501275541,control
1.25026822116,2.41947404811,2.07328994111,34.3017905252,4.02164842763,control
0.270843764156,0.655174880195,0.90980616551,9.93443482822,1.87587916935,control
4.39167441528,5.38254297499,3.91865150323,112.88462914,13.9541759054,control
24.0726700522,13.6833321412,7.13062966407,206.848341797,123.901485349,control
0.207901199247,0.783921035691,0.0448227356174,32.7759101638,0.957489926805,control
2.0656605393,17.4093412488,8.58212335789,227.905490785,47.4853968481,control
4.29630689269,4.30488996972,4.50802279284,66.3757957228,13.8359201774,control
1.60789643087,1.97220036716,2.78663901009,33.2947094867,4.6834990344,control
1.26552702477,1.44577164247,1.57547147319,29.2969029397,3.38840807763,control
1.60122070429,1.56307369525,0.964165653387,30.5786424433,3.35598311995,control
23.0407934578,15.0852347233,6.35147700451,222.503874306,158.050687838,control
3.0155210643,3.60775337959,2.80761986505,41.4123930096,8.03948215435,control
1.23500941754,23.6206279951,40.9546289011,254.547361896,21.450063181,control
1.54972224209,2.10380754834,1.62315523448,37.5366568915,4.09222039434,control
1.81770498057,2.5148415707,2.52056362206,21.2936604439,4.18758791693,control
3.4608873948,6.68812435925,4.14276518132,131.195193477,11.5232577546,control
1.58119352455,1.65271916649,0.766754881625,39.5203013614,4.70638723983,control
0.467300860692,1.83582480986,0.664711632454,43.5486255156,3.56197696874,control
1.1415492454,1.48868702763,1.20449181031,32.5622869132,6.3180983716,control
1.26743437522,2.33650430346,1.16825215173,51.7578618601,7.13825906588,control
1.03759864578,1.76048446701,0.710488043297,31.6162410891,4.46892210858,control
0.910759840736,13.3819707699,23.2849343156,194.214052404,17.2233745798,control
4.05311971008,3.11279593734,3.25775457168,45.1050234843,11.9543189567,control
0.874520182152,20.1254082922,8.16250625849,229.034642253,100.43344539,control
16.7284171375,9.89247311828,3.97396466633,176.544357819,55.7251507999,control
1.75857711656,2.79140738621,2.32982857688,41.5649810457,7.06387239825,control
19.8059270915,15.6793743891,7.34043821377,241.668931645,191.406432539,control
1.25503659729,2.44140857831,1.36852394917,37.4145864626,3.16047969864,control
15.9654769568,10.001192094,5.75924468922,190.277281072,74.4629616384,control
3.65639081611,3.83091338245,3.23582004148,93.9331950504,10.558138426,control
0.896454712348,2.14767660873,1.50871420738,44.3726009108,4.54807715233,control
0.607491118899,1.43051283885,0.422478125075,19.0429869108,3.2291443149,control
1.23977779367,2.21348019932,1.79863147605,32.5622869132,4.78077390745,control
0.975609756098,1.03187659443,0.99372958539,27.5268817204,1.60694275564,control
2.0914097704,18.5165581861,30.3955367999,285.248074768,25.6347900722,control
5.87559306678,5.80311374961,3.54099611377,138.214243139,12.32720597,control
0.983239157905,20.7824905229,36.3159526023,240.570297785,23.0102758506,control
1.09577283456,1.03664497056,1.92165558019,18.4087928856,3.05080704766,control
15.3484490857,11.3105881792,4.32777817514,193.664735474,114.074815821,control
1.95026583697,2.92969029397,3.3321412393,32.0129699831,6.26850725985,control
2.3822807143,2.38895644088,1.49345540376,28.4118923301,4.54998450278,control
3.06415850082,24.8413322843,12.229931097,280.029563932,101.623632072,control
16.2420427723,13.1235247836,10.2853873114,189.483823284,123.108027561,control
1.66225591875,1.56593472093,2.24304413132,38.9709844313,2.82287866867,drug
2.15053763441,6.3476623036,3.18050687838,204.712109291,17.9748706578,drug
2.80761986505,4.23813270391,2.8829602079,71.3806833083,8.53348592137,drug
1.96647831581,2.05707746227,3.42655508667,21.3623250602,6.50883341678,drug
24.8718498915,15.5944972939,6.67095820518,200.775337959,129.303101829,drug
2.47764823689,2.97928140572,2.42519609947,59.9670982047,7.66468779057,drug
0.653267529743,1.9330996829,1.31511813652,32.9895334144,3.09562978328,drug
0.658989581098,1.76143814224,0.848770951053,26.275659824,6.23226760127,drug
0.725746846911,1.52588036144,2.22206327635,34.8816250626,3.09181508237,drug
2.36034618411,2.74372362492,2.87437713087,58.0139713421,8.16536728417,drug
8.71563788952,11.178980998,6.36101375677,356.47617004,33.6609207734,drug
1.81770498057,2.69985456453,2.79426841189,41.7480866891,5.69916314999,drug
4.63962997401,4.3849986887,5.08022792838,43.1824142288,10.1976491906,drug
2.70271559021,4.8160598908,3.27873542665,88.2569201059,7.7505185609,drug
13.4821066686,11.0702620223,5.80216007439,212.43306392,100.586033426,drug
1.15490069857,1.01757146604,1.3217938631,21.7180459195,3.38459337673,drug
1.7232911332,2.09713182176,1.39141215459,41.5954986529,7.57885702024,drug
0.91457454164,2.0914097704,2.99644755978,34.1797200963,4.60434399065,drug
1.51825095964,15.7117993467,7.54929308824,192.962830508,93.9637126577,drug
5.37014519705,8.34656557709,5.29766587988,295.837684477,27.1911880409,drug
2.71511336814,2.64072670052,2.6140237942,39.9780654698,7.59030112295,drug
0.694275564457,1.43051283885,1.35040411988,21.8506067759,2.91729251603,drug
2.83050807048,4.80556946332,2.32982857688,97.1680614167,8.00896454712,drug
1.35421882078,1.71375438095,1.11961471521,22.5830293494,2.52819302387,drug
6.29044179005,7.14874949336,3.6449467134,217.041222612,19.5007510192,drug
1.84631523735,5.47600314713,2.78663901009,178.558519896,16.1800538827,drug
1.24168514412,1.40476360775,1.6679779701,28.1982690795,5.04112724412,drug
1.6937272012,2.99835491024,4.03118517989,42.6941325132,5.94902605918,drug
2.79712943757,2.84290584841,2.06756788976,40.4358295782,8.9912500298,drug
1.37901437665,1.85775934006,2.2420904561,32.1960756264,5.80216007439,drug
1.80721455308,15.6841427652,25.4822020361,214.233602747,19.917507093,drug
1.46579882221,2.21920225067,2.98500345707,51.1169921083,5.53131631023,drug
2.57873781084,2.31933814939,1.49154805331,30.5481248361,8.34751925232,drug
23.3459695301,12.6381040937,5.72300503064,206.787306583,69.7632501252,drug
0.579834537348,21.5482917293,42.8772381565,218.841761438,16.9983072265,drug
2.28691319171,2.62832892259,2.69603986362,42.8772381565,8.19874591708,drug
2.63786567484,3.19099730587,1.77860429631,37.3230336409,9.45664354004,drug
0.408172996686,1.30748873471,0.580788212574,33.5693679517,2.8018978137,drug
21.9297618196,10.883341678,4.90952006294,171.264811768,67.077700689,drug
1.25026822116,1.78814104857,2.27070071287,30.8533009084,3.94440073433,drug
1.52588036144,18.3382209189,30.7617480867,252.594235033,23.2849343156,drug
2.20966549841,2.5072121689,2.938273371,39.8865126481,8.13294232649,drug
0.867844455571,1.50013113034,1.71375438095,32.2265932337,3.07369525308,drug
1.55830531912,1.81865865579,0.91457454164,43.5486255156,6.61183034118,drug
10.5314355196,6.86836897694,4.36783253463,121.124383091,18.4936699807,drug
2.53010037432,3.09086140715,2.2239706268,55.7556684071,8.68130558138,drug
2.5959039649,3.195765682,2.2974036192,43.2434494433,4.34017595308,drug
1.81579763012,16.0064849915,27.069117612,212.7687576,19.4502062323,drug
1.37901437665,2.10571489879,1.44672531769,35.7971532795,6.35529170541,drug
2.60639439239,3.42178671054,2.28500584126,39.2456428963,7.23458026369,drug
7.63035548244,7.41005650526,5.8908518704,210.418901843,21.7285363469,drug
17.4808668908,12.1870157118,7.36809479532,186.676203419,95.4590754119,drug
1.75476241566,2.07138259066,2.15149130963,45.2270939132,7.36904847054,drug
1.60312805474,2.23064635338,1.71756908185,21.3623250602,4.03881458169,drug
1.78337267244,5.78499392032,2.87533080609,82.6111627685,8.44384045013,drug
2.11906635195,2.80285148893,2.87819183177,32.1045228048,6.91223803734,drug
19.9890327349,13.7500894071,6.26850725985,194.091981976,140.533581289,drug
23.1018286722,14.1019955654,7.3452065899,273.77345445,70.678778342,drug
1.69944925256,1.71184703049,0.857354028086,31.0974417662,6.92845051618,drug
1.4543547195,16.8886345755,24.5056386048,307.953174546,24.9939203204,drug
20.538349665,14.1916410366,5.6810433207,221.557828482,136.139045848,drug
5.86605631452,5.25475049472,3.24917149465,151.519919891,13.2436878621,drug
0.750542402785,2.18773096822,1.87301814367,47.8210905276,7.5330806094,drug
4.30965834585,6.2704146103,4.57478005865,100.891209499,11.2180816823,drug
1.80721455308,1.96361729013,0.853539327182,27.2217056481,5.66959921799,drug
19.2537491357,10.8404262928,6.1302243521,187.469661207,85.1441241685,drug
2.12574207854,3.22342226355,2.46429678373,58.3496650216,10.6058221873,drug
24.6887442481,18.6147867344,9.3374341368,270.202894404,234.497293947,drug
1.83010275851,2.40993729585,1.92737763155,47.0886679541,4.26865031114,drug
1.43909591589,20.627041461,11.4555468135,205.291943829,107.757671125,drug
1.6679779701,2.43664020218,1.12152206566,54.1687528312,5.10120878335,drug
3.38459337673,5.59521255037,3.8623846649,82.5196099468,12.1898767375,drug
1.62220155926,3.08800038147,3.02982619269,46.1121045228,7.09152897981,drug
2.60734806762,3.18050687838,3.87764346852,36.5295758529,6.7710941039,drug
1.82724173283,4.45557065541,1.62601626016,105.621438619,10.7908351811,drug
31.463653053,33.599885559,28.5949979734,129.089478578,52.6428724698,drug
1.5611663448,2.16007438667,1.70803232959,32.1655580192,5.38158929976,drug
22.3083708843,12.8584030708,5.17368810052,229.06515986,84.1065255227,drug
4.15039458312,4.20952244713,2.88200653268,64.4226688601,14.7485873686,drug
241.39427318,98.6023889564,64.6057745035,253.174069571,90.9729871492,drug
1.0051736881,1.76906754405,1.32846958968,33.9050616313,5.13935579238,drug
1.88350857116,1.88636959683,1.69277352598,38.7573611806,4.34208330353,drug
2.49481439096,2.55775695587,1.68800514985,46.5088334168,7.79057292039,drug
2.37179028682,2.84767422454,1.86538874186,35.8276708867,8.1663209594,drug
6.16264930978,5.39303340247,5.45883699306,108.03232959,14.4662995017,drug
0.989914884486,0.515938297213,0.163078463629,6.68049495744,3.14617457025,drug
4.19903201965,4.07505424028,1.83773216031,93.6280189781,9.50337362611,drug
2.25258088358,4.80270843764,1.96933934149,90.4847054336,6.65474572634,drug
2.83432277138,4.06170278712,2.1429082326,132.660038624,10.7488734711,drug
2.33555062823,5.43499511241,3.27873542665,100.402927783,6.53935102401,drug
2.3489020814,2.67410533343,2.99454020933,52.5818372553,9.61972200367,drug
1.60598908042,1.66225591875,1.81484395489,36.8347519252,5.33485921369,drug
2.65598550414,3.04603867153,3.03650191927,40.2527239349,6.98567102973,drug
0.411034022364,2.10285387311,1.32274753833,40.1916887204,4.97341630308,drug
2.1724721646,2.592089264,3.07274157786,36.6821638891,7.99752044441,drug
2.09713182176,2.97069832868,1.82724173283,38.0554562144,5.51319648094,drug
1.53732446415,2.00367164962,3.83472808335,52.4597668264,6.35815273109,drug
0.638008726128,1.47724292492,0.390053167394,18.3973487829,2.51865627161,drug
0.745774026655,16.1276017452,27.4353288987,243.805164151,19.9279975204,drug
20.7214553084,12.4931454593,6.14166845481,187.408625992,116.424671578,drug
2.26879336242,2.23350737906,2.04372600911,39.9475478626,5.63526690985,drug
0.887871635315,1.19114035715,0.514030946761,24.6887442481,1.58596190067,drug
2.39467849224,2.75802875331,2.54249815225,30.8533009084,5.40733853086,drug
3.03459456882,3.52382995971,3.97968671769,42.7246501204,9.12094986053,drug
1.79386309992,3.05843644947,2.94781012326,46.4477982023,9.7274873042,drug
0.792504112724,1.19018668193,1.52588036144,20.3657344491,4.7016188637,drug
1.75380874043,2.53772977612,2.26307131107,39.1846076819,4.61388074291,drug
0.823021719953,1.17874257921,1.18351095534,26.4892830746,2.79045371099,drug
1.41620771046,2.07042891543,1.42002241137,41.2598049734,4.50706911761,drug
2.27928378991,21.0876665951,36.9568223541,237.76267792,20.0815392318,drug
2.03895763298,1.69086617552,2.05135541091,25.2380611783,6.35815273109,drug
2.37655866295,2.5329614,2.31933814939,33.6304031662,6.48117683523,drug
7.99942779486,5.94235033259,2.89535798584,148.040912667,16.7064826073,drug
1.68514412417,1.61361848223,2.03514293207,40.9241112939,4.5251889469,drug
15.3188851537,12.2795222087,11.7483251079,123.962520564,45.4407171638,drug
0.964165653387,1.78623369811,0.127792480271,35.9802589228,3.38459337673,drug
1.23977779367,1.77955797153,0.770569582529,30.0293255132,4.62055646949,drug
1.80912190354,1.98364446988,1.16920582696,27.0386000048,4.6834990344,drug
0.942231123191,1.92737763155,1.35994087214,38.4827027156,3.01742841475,drug
3.80230312567,4.11510859977,2.67601268388,53.1616717927,11.8341558782,drug
1.14536394631,1.59549865293,1.09958753546,39.0015020385,3.54385713945,drug
1.59931335384,1.36661659872,1.18255728012,29.3884557614,4.10366449706,drug
2.84862789977,2.63405097394,0.617981546384,67.2302887252,8.42095224471,drug
1.61457215745,3.57818944758,2.49672174141,102.111913788,11.1227141597,drug
1.93500703335,21.6493813032,38.7268435734,259.643802303,22.8109577283,drug
1.44672531769,2.21061917364,0.983239157905,55.5115275493,5.4750494719,drug
1.16634480128,1.72996685979,2.49386071573,25.5127196433,5.62668383282,drug
1.72615215888,3.26347662304,2.17724054073,48.0652313855,6.24657272966,drug
28.9001740457,15.522971652,11.1379729633,42.5720620843,17.1919032973,drug
1.34945044465,1.97887609375,1.79386309992,38.54373793,8.07858283861,drug
21.1820804425,12.3605846029,7.44438881339,158.538969554,119.720573159,drug
0.927925994802,1.76620651837,1.64699711513,23.2544167084,3.18622892974,drug
1.66225591875,20.4162792361,9.24492763989,235.870586272,120.788689412,drug
2.84672054932,2.92396824261,2.9602079012,47.2412559903,9.75228286007,drug
3.26538397349,5.43118041151,3.82519133109,201.477242925,18.798846053,drug
1.0566721503,2.11620532628,1.75762344134,35.4309419927,8.68893498319,drug
16.3450396967,12.1240731469,8.6412512219,201.324654889,84.9610185251,drug
6.75583530029,9.13620866414,6.09016999261,332.092601864,34.0271320602,drug
2.87246978042,19.4826311899,9.49860524998,215.759483108,85.6018882769,drug
4.67777698305,4.58240946046,2.07519729156,105.163674511,13.9551295806,drug
25.4516844289,12.7773406766,5.32436878621,155.670314474,118.011587154,drug
1.65748754262,2.68459576091,2.72751114608,36.8652695325,7.39479770164,drug
3.00026226069,3.32260448704,3.42274038576,45.9900340939,9.80664234795,drug
1.43146651408,2.71415969292,3.18813628019,38.0859738216,6.0310421286,drug
1.75380874043,2.17056481415,1.83296378418,40.1916887204,5.84507545955,drug
6.04534725699,3.75843406528,1.69277352598,94.6961352311,8.42953532175,drug
218.139856472,121.704217629,91.8579977589,488.495338912,187.957942923,drug
2.53582242567,2.70366926543,1.81770498057,42.1142979758,6.66332880338,drug
25.207543571,12.9804734997,6.11019717235,160.766754882,104.553322366,drug
0.803948215435,1.1892330067,0.932694370932,24.4140857831,2.20871182319,drug
1.65176549126,1.97315404239,1.59359130248,45.2576115204,5.01537801302,drug
1.77288224495,2.07615096679,1.74713301385,28.3813747228,7.85923753666,drug
0.270843764156,1.88541592161,2.7723338817,30.5176072289,4.7016188637,drug
5.52845528455,4.5728727082,1.86920344277,122.711298667,9.97353551248,drug
4.00829697447,6.08063324035,4.24957680662,93.872159836,13.3972295735,drug
1.55925899435,2.91919986649,1.71852275708,44.0369072312,6.19984264359,drug
1.99985694872,3.19099730587,1.56688839616,40.0696182915,7.49779462604,drug
3.90530005007,6.24180435353,3.08132465489,186.920344277,15.7661588346,drug
17.5609756098,13.2532246144,5.65624776482,202.606394392,138.214243139,drug
14.2965453115,11.2638580931,4.88853920797,156.952053978,130.127077224,drug
2.14100088215,3.43132346279,2.98786448275,43.7622487662,10.6296640679,drug
2.20203609661,2.25639558448,1.59645232816,49.1028300312,6.97422692702,drug
4.76265407815,6.96564384999,4.57573373388,195.404239086,21.0266313807,drug
0.709534368071,1.95598788832,1.19876975896,27.2827408626,2.89631166106,drug
19.5007510192,12.9051331569,6.21796247288,253.570798465,101.348973607,drug
1.0051736881,13.5717521398,21.2097370241,189.026059176,18.8360393868,drug
1.54972224209,2.23827575519,1.52778771189,31.0364065517,6.53458264788,drug
17.422692702,11.2495529647,5.63622058508,180.694752402,103.790382185,drug
2.02465250459,2.19154566912,1.6088501061,32.0129699831,7.57122761843,drug
1.31034976039,2.03514293207,0.907898815059,44.403118518,6.46305700594,drug
1.65939489307,2.50530481844,0.789643087047,44.1589776602,7.12013923658,drug
2.84958157499,3.27492072575,2.52533199819,44.677776983,11.1608611687,drug
2.41089097108,2.85911832725,3.25870824691,52.6428724698,6.04439358177,drug
1.45721574518,3.05080704766,1.86062036573,41.5649810457,9.31836063229,drug
2.81143456596,2.92873661874,3.03077986792,49.469041318,8.16918198507,drug
2.07996566769,2.92015354171,1.87301814367,42.3889564409,8.10242471926,drug
0.662804282002,1.15680804902,0.908852490284,8.07095343681,4.47082945903,drug
6.14262213003,4.62627852085,2.73514054789,106.842142908,10.8499630451,drug
1.86062036573,3.82137663019,2.90584841332,102.111913788,12.3729823809,drug
1.583100875,1.81865865579,2.07805831724,53.8940943662,4.61101971724,drug
1.3732923253,1.38187540233,1.35994087214,24.3959659538,4.41646997115,drug
1.5096678826,2.33364327778,0.641823427032,74.5239968529,5.69058007296,drug
5.24521374246,9.88198269079,6.00720024796,379.486445891,32.8674629855,drug
1.29032258065,19.9918937606,9.03321173974,192.779724865,102.905371576,drug
5.5484824643,4.86278997687,3.34263166679,119.781608373,12.593281358,drug
0.901223088477,2.09236344563,1.3990415564,38.0249386072,5.14889254464,drug
17.3950361204,13.0481844408,7.04956726987,192.108337506,129.882936366,drug
2.60448704194,22.0384807954,9.54628901128,218.292444508,78.8269794721,drug
2.52437832296,2.97165200391,2.35843883366,58.0139713421,7.8830794173,drug
5.78213289464,4.28963116611,2.07233626588,120.178337267,9.40895977875,drug
1.07097727869,2.75135302673,1.46389147176,80.3223422264,7.28607872589,drug
1.87015711799,2.07424361634,2.16007438667,33.5388503445,4.67110125647,drug
1.7194764323,18.6786829745,9.19819755382,213.073933672,77.880933648,drug
0.438690603915,1.08909710798,0.167846839759,17.9424457001,2.39944686837,drug
16.283050807,13.0434160647,6.74439119758,190.704527573,154.632715829,drug
16.9334573111,10.7269389409,5.4235510097,165.74112486,107.757671125,drug
4.30012159359,6.44875187755,5.27287032401,102.081396181,11.761676561,drug
0.708580692845,14.7085330091,25.1770259638,223.938201845,17.9739169826,drug
0.958443602031,1.52683403667,0.821114369501,45.9595164867,4.86088262642,drug
5.58472212288,5.64575733734,3.85380158787,119.506949908,15.0156164318,drug
